0.054980,-0.000430,0.037266,-0.014700,-0.008476,-0.025013,0.034436,-0.009611,0.008075,-0.016329,-0.000881,0.034082,-0.033931,-0.041409,-0.034070,-0.019532,0.003616,-0.010420,0.013189,0.041599,0.042924,0.007224,-0.018491,-0.014492,-0.017873,0.012837,0.020353,-0.014221,-0.015801,-0.020832,0.021529,-0.013150,0.009994,0.006300,0.065288,0.012011,-0.054615,-0.020746,-0.039617,0.047655,-0.055183,0.052015,0.027810,0.017792,-0.006395,-0.026288,-0.002508,0.012500,0.018159,-0.022148,0.018794,-0.035848,-0.006566,0.016962,0.011801,-0.018338,0.018882,0.055030,-0.009538,0.007690,-0.009600,0.045918,-0.006744,0.010338,-0.003686,-0.007111,0.039871,-0.021174,-0.002894,-0.059462,0.023266
-0.000430,0.030370,0.004613,0.014447,-0.026063,0.029873,0.020407,0.031393,-0.016077,0.017999,0.000666,-0.021983,-0.004349,0.005256,-0.009998,0.000622,-0.032317,-0.026151,-0.025285,0.003259,0.022541,0.001778,-0.009069,0.008570,0.014321,0.007330,-0.003666,0.015370,-0.002873,0.004847,0.052283,-0.017781,-0.028513,-0.027753,-0.017859,0.008690,-0.009887,0.004564,0.002861,-0.021666,0.008853,-0.025223,-0.044205,-0.019881,-0.024047,0.004679,-0.007009,0.001007,-0.030618,-0.006487,0.002809,-0.031020,-0.007309,-0.048222,0.006270,-0.009557,-0.021072,-0.005756,0.026250,-0.004825,-0.035919,-0.025115,-0.018517,-0.009803,-0.009805,0.020059,-0.044027,0.012504,-0.046203,-0.005362,0.012866
0.037266,0.004613,0.061640,-0.014721,0.001590,-0.015710,0.029480,-0.018729,0.004085,0.031901,0.024626,0.041227,-0.051564,-0.024472,-0.033691,-0.007010,0.016515,-0.004909,-0.032757,0.045154,0.022558,0.022257,-0.018234,-0.012255,-0.031200,0.001511,0.041275,-0.031393,-0.045079,-0.008925,-0.004066,-0.017281,0.007745,-0.005122,0.075337,0.019634,-0.005720,-0.023531,-0.033380,0.035460,-0.005404,0.055906,0.008946,0.005285,0.010788,-0.036545,-0.020088,-0.001579,-0.000451,-0.001487,0.035417,-0.049502,-0.009761,-0.011883,0.054820,-0.011692,0.024003,0.004192,0.013030,0.003572,0.011285,-0.001698,0.012161,0.005379,-0.026450,-0.008114,0.024775,-0.033566,-0.008348,-0.078613,0.046688
-0.014700,0.014447,-0.014721,0.039749,-0.018549,0.015902,-0.007695,0.007037,-0.020056,0.016054,-0.005442,-0.046595,0.044711,0.037495,0.019195,-0.006594,-0.017718,-0.004957,0.013055,-0.040782,-0.009884,-0.023230,-0.008489,0.010086,0.025158,0.006420,-0.026371,0.021553,0.004473,-0.013054,0.035401,-0.007815,-0.028901,-0.024323,-0.049814,0.000882,0.017889,0.002086,0.006534,-0.010997,0.008722,-0.058777,-0.034295,0.022206,-0.019450,0.034258,0.006760,-0.000169,-0.013039,0.007455,-0.009416,-0.005721,0.019913,-0.087916,0.011684,-0.013719,-0.059931,-0.001745,0.023783,0.006079,0.029580,-0.014503,-0.016122,0.009924,0.003165,0.018475,0.001053,0.026051,-0.058852,0.047291,0.014048
-0.008476,-0.026063,0.001590,-0.018549,0.095859,-0.075519,-0.042796,-0.022821,0.011967,0.012951,0.005844,0.025553,-0.008450,0.007095,0.033361,0.042647,0.047351,0.055614,0.053477,-0.011675,-0.022490,0.008122,-0.008347,-0.015753,-0.044471,0.003619,-0.029161,-0.040347,-0.045562,0.023137,-0.079754,0.022482,0.042750,0.023661,0.032750,-0.010542,0.055428,0.000827,-0.006691,0.036972,0.014909,-0.005606,0.070791,0.073307,0.062447,-0.013070,-0.007886,-0.005445,0.011339,0.024454,0.018044,0.034527,-0.020856,0.025833,0.044213,0.030276,0.020091,0.021808,0.002358,-0.007806,0.022893,-0.042365,0.039072,0.064875,0.010929,-0.021177,0.097252,-0.035846,0.032043,0.027369,0.014128
-0.025013,0.029873,-0.015710,0.015902,-0.075519,0.137255,0.027006,0.028325,-0.015533,0.029459,0.013822,-0.034010,-0.000321,0.026007,-0.041478,-0.005726,0.007130,-0.042667,-0.058354,-0.008265,0.050257,0.018511,0.014797,0.036219,0.038623,0.009864,0.020703,0.055898,0.046254,0.001392,0.065716,-0.018538,-0.042231,-0.039176,-0.045338,0.011445,-0.010432,0.027452,0.033943,-0.067531,0.036621,-0.018800,-0.094243,-0.117397,-0.062922,-0.000023,-0.013563,-0.019066,-0.027839,-0.016246,0.002870,-0.060654,-0.000191,-0.043968,-0.058289,0.000258,-0.075699,-0.065082,0.028140,0.033552,-0.014489,0.057772,-0.031262,-0.063340,0.001061,0.030621,-0.128315,0.024562,-0.077064,-0.001968,0.012854
0.034436,0.020407,0.029480,-0.007695,-0.042796,0.027006,0.060129,0.008752,-0.003726,-0.006054,0.003623,0.006792,-0.038922,-0.037224,-0.059157,-0.019199,-0.027179,-0.041874,-0.021739,0.056211,0.072773,0.005862,-0.006410,0.010526,0.006920,0.013949,0.028855,-0.003090,-0.003994,-0.028553,0.052420,-0.023280,-0.014432,-0.014201,0.036479,0.020347,-0.051389,-0.014100,-0.025029,0.003339,-0.013077,0.028974,-0.033884,-0.019786,-0.013203,-0.022660,-0.012719,0.001601,0.008640,-0.027136,0.016433,-0.044411,-0.023473,-0.009935,0.004577,-0.007054,0.008100,0.014313,-0.003628,-0.002916,-0.053009,0.031713,-0.016292,-0.020694,-0.010238,0.009393,-0.037207,-0.004191,-0.009616,-0.044701,0.024310
-0.009611,0.031393,-0.018729,0.007037,-0.022821,0.028325,0.008752,0.082653,-0.023679,-0.009770,-0.023272,-0.016454,0.020065,0.015828,-0.011622,-0.004893,-0.058827,-0.036343,-0.012194,-0.010034,0.021105,0.020622,-0.002295,-0.003997,0.017282,0.014444,-0.010780,0.034163,0.003812,0.058475,0.078645,-0.006134,-0.027649,-0.034305,-0.058916,0.003971,-0.040332,0.008421,0.000553,-0.028882,-0.012721,-0.014529,-0.046227,-0.037354,-0.041881,0.016591,0.008028,0.020698,-0.037940,-0.010395,-0.014260,-0.036916,0.023837,-0.016337,-0.024695,-0.005584,-0.021795,0.000652,0.003101,-0.033990,-0.034176,-0.005041,-0.041105,-0.055129,-0.005588,0.016685,-0.068110,0.005178,-0.001057,0.013333,0.011794
0.008075,-0.016077,0.004085,-0.020056,0.011967,-0.015533,-0.003726,-0.023679,0.021606,-0.008838,0.003954,0.017278,-0.019851,-0.022877,-0.001708,0.006787,0.022535,0.016316,-0.010733,0.018618,-0.013854,0.001373,0.008831,-0.000760,-0.007466,-0.011630,0.008167,-0.002370,0.019259,-0.016234,-0.040175,0.011268,0.017476,0.024459,0.024927,-0.012293,0.001067,-0.004818,0.002890,0.011961,-0.013490,0.020053,0.026133,-0.008087,0.011103,-0.017137,-0.001476,-0.003134,0.009870,-0.004019,-0.009822,0.022942,-0.016620,0.050707,-0.020210,0.010172,0.028808,0.006728,-0.011880,0.006082,-0.014035,0.004878,0.011628,0.018345,0.008197,-0.015477,0.002903,-0.004504,0.033431,-0.020019,-0.025427
-0.016329,0.017999,0.031901,0.016054,0.012951,0.029459,-0.006054,-0.009770,-0.008838,0.116428,0.020421,-0.029406,-0.010941,0.054447,-0.002231,0.036682,0.024309,0.027946,-0.028681,-0.012969,-0.007915,0.016957,-0.001308,0.007301,-0.021306,-0.002499,-0.005890,0.003602,0.011972,0.029230,0.013419,-0.015605,-0.013897,-0.021763,-0.013595,0.015123,0.098248,-0.031373,-0.005779,-0.016825,0.045381,-0.038145,-0.022066,0.002399,-0.004677,-0.019822,-0.032648,-0.007773,-0.070578,0.030396,0.038497,-0.035539,-0.019303,-0.086559,0.055875,0.015572,-0.017912,-0.031406,0.061804,-0.002307,0.073521,-0.040363,0.011754,0.034942,0.016227,-0.011682,-0.003114,-0.025830,-0.090480,0.024493,0.097877
-0.000881,0.000666,0.024626,-0.005442,0.005844,0.013822,0.003623,-0.023272,0.003954,0.020421,0.043068,0.017315,-0.030794,-0.013312,-0.004086,0.006658,0.024221,0.001445,-0.036858,0.002363,-0.017339,0.015153,0.001102,0.000706,-0.013093,-0.013630,0.010460,-0.019520,-0.029783,-0.014082,-0.046707,-0.008008,0.002955,-0.003744,0.027174,0.002077,0.017884,0.017081,0.015538,0.011598,0.050357,0.010985,-0.021294,-0.014122,0.027270,-0.009436,-0.018648,-0.021827,0.004427,-0.005803,0.012361,-0.006694,0.002956,-0.029033,0.028531,-0.005024,-0.022591,-0.028362,0.015726,0.027777,0.003419,-0.015602,0.012153,-0.010175,-0.020794,0.014558,0.001293,-0.006377,-0.012893,-0.039360,-0.001087
0.034082,-0.021983,0.041227,-0.046595,0.025553,-0.034010,0.006792,-0.016454,0.017278,-0.029406,0.017315,0.114028,-0.055783,-0.049130,-0.015374,-0.016701,0.036357,-0.001219,-0.010560,0.036782,0.000279,0.052510,-0.020123,-0.029754,-0.048711,0.003896,0.066243,-0.033776,-0.058527,-0.010930,-0.035962,-0.001573,0.025460,0.007081,0.093360,0.009519,-0.051101,0.010831,-0.022810,0.041428,-0.035168,0.128896,0.078530,-0.028081,0.026636,-0.040136,-0.011375,0.000053,0.051243,-0.011133,0.012066,-0.026799,0.018259,0.114793,0.013749,-0.005163,0.061598,0.009378,-0.024210,0.018469,-0.009987,0.034125,0.021934,-0.035822,-0.045683,-0.020045,0.044630,-0.049244,0.070997,-0.097010,-0.014599
-0.033931,-0.004349,-0.051564,0.044711,-0.008450,-0.000321,-0.038922,0.020065,-0.019851,-0.010941,-0.030794,-0.055783,0.102622,0.063004,0.036303,-0.015753,-0.026164,0.012005,0.056561,-0.091418,-0.050476,-0.022133,0.005390,0.006732,0.036668,0.004564,-0.047289,0.045175,0.038692,0.004615,0.028039,0.014710,-0.027522,-0.011979,-0.119296,-0.017684,0.015809,-0.002712,0.008664,-0.009426,-0.011470,-0.071566,-0.014701,0.029882,-0.021905,0.063285,0.027282,0.017599,-0.005942,0.006496,-0.046302,0.022339,0.064009,-0.063064,-0.025648,-0.008113,-0.068612,0.005365,-0.006595,-0.012629,0.082417,0.012420,-0.030671,-0.009335,0.031922,0.004395,0.018408,0.022964,-0.017813,0.112465,0.006899
-0.041409,0.005256,-0.024472,0.037495,0.007095,0.026007,-0.037224,0.015828,-0.022877,0.054447,-0.013312,-0.049130,0.063004,0.083291,0.026652,0.013131,0.007913,0.020594,0.024951,-0.064199,-0.022256,-0.003896,0.001490,0.006595,0.009699,0.009402,-0.028975,0.028683,0.016841,0.038486,0.030035,0.004405,-0.019008,-0.026004,-0.077545,0.002493,0.067940,-0.008622,0.006576,-0.027103,0.021763,-0.061847,-0.020591,0.015282,-0.022790,0.029414,0.003276,0.003084,-0.035998,0.033571,0.002886,-0.011881,0.029104,-0.080114,0.013202,0.009480,-0.059995,-0.026884,0.029337,-0.008458,0.095487,-0.005716,-0.007584,0.005485,0.020719,-0.002140,0.002759,0.002073,-0.057046,0.087064,0.058149
-0.034070,-0.009998,-0.033691,0.019195,0.033361,-0.041478,-0.059157,-0.011622,-0.001708,-0.002231,-0.004086,-0.015374,0.036303,0.026652,0.095695,0.015971,-0.013458,0.035315,0.014269,-0.059116,-0.098569,-0.028851,0.002231,-0.019693,-0.003848,-0.025348,-0.046590,-0.006517,0.002501,0.015902,-0.037439,0.009058,0.002390,0.006904,-0.036453,-0.016542,0.052520,0.021963,0.034038,-0.013204,0.022259,-0.046115,0.042055,0.043659,0.024258,0.038887,0.015865,-0.002130,-0.012857,0.030745,-0.020756,0.087477,0.023004,0.000220,0.012535,-0.008992,0.011771,0.003337,0.011039,0.005497,0.021731,-0.079574,0.018154,0.023900,-0.007357,0.001114,0.052910,0.031401,-0.002704,0.051606,-0.063406
-0.019532,0.000622,-0.007010,-0.006594,0.042647,-0.005726,-0.019199,-0.004893,0.006787,0.036682,0.006658,-0.016701,-0.015753,0.013131,0.015971,0.046393,0.025869,0.027310,0.007324,0.003476,-0.003122,0.000738,0.006046,0.005388,-0.014563,-0.002839,-0.025020,-0.007494,0.006439,0.019076,-0.032196,0.007322,0.014388,0.009263,0.001692,-0.006408,0.057142,0.005279,0.018073,-0.011865,0.028081,-0.036318,0.003775,0.013747,0.015409,-0.015025,-0.014469,-0.011459,-0.026235,0.016508,0.014595,0.015473,-0.042227,-0.003045,0.012709,0.030348,0.007103,-0.007773,0.026327,-0.000443,-0.015274,-0.039368,0.021389,0.048018,0.020277,-0.004734,-0.006341,-0.007871,-0.020972,0.023012,0.015536
0.003616,-0.032317,0.016515,-0.017718,0.047351,0.007130,-0.027179,-0.058827,0.022535,0.024309,0.024221,0.036357,-0.026164,0.007913,-0.013458,0.025869,0.153167,0.039752,0.035019,0.004025,0.030907,0.015095,-0.017090,0.013027,-0.026886,0.014075,0.042314,-0.026930,-0.040684,-0.013983,-0.091621,0.020728,0.048726,0.043567,0.087635,-0.005954,0.029590,0.025455,0.013179,0.022095,-0.011746,0.035831,0.038755,-0.025760,-0.013412,-0.046135,-0.008239,-0.026906,0.023862,0.014874,0.047486,-0.075516,-0.043496,0.040301,0.000946,0.012132,-0.006716,-0.045921,0.024908,0.060715,0.044323,0.059474,0.054164,0.075221,0.017609,-0.008539,0.028259,-0.039634,-0.059837,-0.073760,0.033939
-0.010420,-0.026151,-0.004909,-0.004957,0.055614,-0.042667,-0.041874,-0.036343,0.016316,0.027946,0.001445,-0.001219,0.012005,0.020594,0.035315,0.027310,0.039752,0.064062,0.024158,-0.040626,-0.045887,-0.004002,0.004820,-0.003156,-0.022767,-0.008331,-0.036549,-0.005751,0.013897,0.011707,-0.060101,0.021212,0.023134,0.024850,-0.003709,-0.018476,0.063688,-0.018341,-0.006811,0.020683,0.012235,-0.027328,0.066178,0.044980,0.044555,-0.000652,-0.002624,-0.001281,-0.013613,0.020542,-0.001889,0.055687,-0.008331,0.011812,0.004021,0.016358,0.004372,0.019321,0.001316,-0.003015,0.058577,-0.031472,0.021022,0.059929,0.028627,-0.028786,0.097030,-0.014555,0.008300,0.054008,-0.004224
0.013189,-0.025285,-0.032757,0.013055,0.053477,-0.058354,-0.021739,-0.012194,-0.010733,-0.028681,-0.036858,-0.010560,0.056561,0.024951,0.014269,0.007324,0.035019,0.024158,0.218094,-0.041925,0.030831,-0.015730,-0.010943,-0.019679,-0.026649,0.031551,-0.038562,-0.046989,-0.005494,0.018077,0.000330,0.002472,0.041130,0.048291,-0.016417,0.012952,-0.004621,0.002492,-0.015653,0.041366,-0.052867,-0.008970,0.057908,0.108289,-0.007627,0.010015,0.018189,0.026386,0.035727,-0.005661,0.046656,-0.033659,0.014132,0.009368,0.039227,0.001267,0.025755,0.058631,-0.015443,0.011112,0.100972,0.111168,0.022069,0.045853,0.081870,-0.006122,0.102453,-0.052837,-0.074333,0.068864,0.112575
0.041599,0.003259,0.045154,-0.040782,-0.011675,-0.008265,0.056211,-0.010034,0.018618,-0.012969,0.002363,0.036782,-0.091418,-0.064199,-0.059116,0.003476,0.004025,-0.040626,-0.041925,0.152512,0.085292,-0.001493,0.001643,-0.010684,-0.019523,0.002573,0.067207,-0.038262,-0.020510,-0.022542,0.006599,-0.011504,0.031378,0.008356,0.123494,0.026601,-0.035849,-0.017043,-0.018012,0.011399,-0.039208,0.084143,-0.017724,-0.006548,-0.016468,-0.066084,-0.013201,-0.008275,0.038094,0.001879,0.039948,-0.035107,-0.070480,0.063429,0.026323,0.025843,0.080395,0.007309,-0.010947,-0.006229,-0.100199,0.030557,0.024200,0.003905,-0.031301,-0.011517,-0.092551,-0.010602,0.060832,-0.117030,0.018901
0.042924,0.022541,0.022558,-0.009884,-0.022490,0.050257,0.072773,0.021105,-0.013854,-0.007915,-0.017339,0.000279,-0.050476,-0.022256,-0.098569,-0.003122,0.030907,-0.045887,0.030831,0.085292,0.206532,0.000925,-0.030952,0.031883,0.004539,0.070455,0.031138,-0.008258,-0.049367,-0.011325,0.089208,-0.017262,0.005630,-0.023219,0.094601,0.038048,-0.066220,-0.006330,-0.050675,-0.000904,-0.033932,0.021670,-0.024707,-0.007564,-0.031979,-0.048922,-0.013179,-0.007671,0.028786,-0.014845,0.070102,-0.109757,-0.086166,-0.013422,-0.001983,0.016079,-0.030798,0.025649,0.005252,0.002641,-0.081987,0.085105,-0.006452,0.029736,-0.001083,0.013384,-0.016757,-0.015711,-0.049449,-0.041836,0.065178
0.007224,0.001778,0.022257,-0.023230,0.008122,0.018511,0.005862,0.020622,0.001373,0.016957,0.015153,0.052510,-0.022133,-0.003896,-0.028851,0.000738,0.015095,-0.004002,-0.015730,-0.001493,0.000925,0.060997,-0.004193,-0.010326,-0.025790,0.006589,0.030166,0.009505,-0.009569,0.020533,0.005032,-0.005164,-0.004469,-0.015618,0.002752,0.005329,-0.017763,0.002944,-0.009114,0.011653,-0.004687,0.058211,0.009006,-0.050657,-0.001561,-0.022541,-0.019599,0.004577,-0.005444,-0.016367,0.001506,-0.048802,0.028597,0.031994,-0.002665,0.005997,-0.001814,-0.008750,0.002500,0.004778,0.020588,0.034383,-0.010108,-0.049048,-0.008469,-0.008141,-0.013419,-0.045180,0.013890,-0.030649,0.038859
-0.018491,-0.009069,-0.018234,-0.008489,-0.008347,0.014797,-0.006410,-0.002295,0.008831,-0.001308,0.001102,-0.020123,0.005390,0.001490,0.002231,0.006046,-0.017090,0.004820,-0.010943,0.001643,-0.030952,-0.004193,0.037615,-0.001833,0.004528,-0.024747,-0.012742,0.002359,0.051318,0.023825,-0.022426,0.007933,0.010336,0.017761,-0.036778,-0.006133,0.022205,-0.007088,0.019284,-0.017943,0.028096,-0.008335,-0.020813,-0.011961,0.007652,0.004274,0.002897,0.000677,-0.009327,-0.000264,-0.010111,0.046007,0.008026,0.019151,-0.021888,0.014520,0.019258,-0.016668,-0.022153,-0.012859,0.018441,0.012736,-0.001739,-0.031597,0.022902,-0.008363,-0.038447,0.006352,0.037145,0.028868,-0.007243
-0.014492,0.008570,-0.012255,0.010086,-0.015753,0.036219,0.010526,-0.003997,-0.000760,0.007301,0.000706,-0.029754,0.006732,0.006595,-0.019693,0.005388,0.013027,-0.003156,-0.019679,-0.010684,0.031883,-0.010326,-0.001833,0.040335,0.031409,0.011042,-0.002771,0.025248,0.011862,-0.035392,0.004446,0.005803,-0.019871,-0.005311,-0.018916,-0.011071,0.005777,0.006256,0.008482,-0.026806,0.019484,-0.044565,-0.028412,-0.030213,-0.003696,0.003776,-0.005399,-0.014144,-0.006192,-0.006503,-0.015103,-0.009096,-0.034341,-0.023322,-0.032026,0.009968,-0.035556,-0.025957,0.011981,0.003634,-0.040483,-0.018270,-0.005177,0.027899,0.009149,0.010350,-0.026407,0.019415,-0.025086,0.022988,-0.021263
-0.017873,0.014321,-0.031200,0.025158,-0.044471,0.038623,0.006920,0.017282,-0.007466,-0.021306,-0.013093,-0.048711,0.036668,0.009699,-0.003848,-0.014563,-0.026886,-0.022767,-0.026649,-0.019523,0.004539,-0.025790,0.004528,0.031409,0.054464,0.002112,-0.011664,0.047537,0.033825,-0.035664,0.031428,0.005236,-0.035127,-0.014806,-0.058048,-0.016550,-0.020122,0.010907,0.019659,-0.032364,-0.002032,-0.055318,-0.054458,-0.032837,-0.031344,0.031382,0.013695,-0.003405,-0.003859,-0.011271,-0.044624,0.006087,0.000141,-0.037388,-0.052377,-0.005532,-0.051467,-0.016912,0.001605,-0.001069,-0.044134,-0.011946,-0.028503,-0.003567,0.002590,0.020667,-0.063460,0.048194,-0.010168,0.031144,-0.047927
0.012837,0.007330,0.001511,0.006420,0.003619,0.009864,0.013949,0.014444,-0.011630,-0.002499,-0.013630,0.003896,0.004564,0.009402,-0.025348,-0.002839,0.014075,-0.008331,0.031551,0.002573,0.070455,0.006589,-0.024747,0.011042,0.002112,0.039336,-0.000160,0.013751,-0.025774,-0.012047,0.046789,-0.003777,-0.009516,-0.024835,0.015719,0.010158,-0.024698,-0.000838,-0.026779,0.009789,-0.027168,-0.001763,0.008786,0.011175,-0.010660,-0.004939,-0.003613,0.001126,0.016711,-0.003898,0.012543,-0.043863,-0.012411,-0.020841,-0.001506,0.006237,-0.044050,0.027077,0.007899,0.003900,-0.011290,0.032213,-0.011941,0.017362,-0.001970,0.003714,0.025486,-0.008663,-0.023985,0.015016,0.028952
0.020353,-0.003666,0.041275,-0.026371,-0.029161,0.020703,0.028855,-0.010780,0.008167,-0.005890,0.010460,0.066243,-0.047289,-0.028975,-0.046590,-0.025020,0.042314,-0.036549,-0.038562,0.067207,0.031138,0.030166,-0.012742,-0.002771,-0.011664,-0.000160,0.108369,-0.026091,-0.038596,-0.018756,-0.007145,-0.007618,0.011747,0.012656,0.080369,0.018843,-0.043667,0.007707,-0.002667,-0.006993,-0.035291,0.110199,-0.004968,-0.078148,-0.043201,-0.045902,-0.005306,-0.004712,0.027636,-0.001049,0.025640,-0.094500,-0.009291,0.079194,0.009634,-0.009823,0.073815,-0.063639,-0.003173,0.015990,-0.018503,0.046559,0.027119,-0.034601,-0.037406,-0.006196,-0.079967,-0.031256,0.012791,-0.136229,0.021129
-0.014221,0.015370,-0.031393,0.021553,-0.040347,0.055898,-0.003090,0.034163,-0.002370,0.003602,-0.019520,-0.033776,0.045175,0.028683,-0.006517,-0.007494,-0.026930,-0.005751,-0.046989,-0.038262,-0.008258,0.009505,0.002359,0.025248,0.047537,0.013751,-0.026091,0.110254,0.081226,-0.040353,0.070642,0.006432,-0.059829,-0.052462,-0.091786,-0.025251,-0.017116,-0.006176,0.004546,-0.018026,-0.038740,-0.048885,-0.030588,-0.053767,-0.042459,0.029065,0.000675,0.004983,-0.015520,-0.017739,-0.079285,0.012089,0.030134,-0.038861,-0.089763,0.013308,-0.107708,0.028141,0.012694,0.005399,-0.018690,0.015504,-0.063565,-0.017662,0.007504,0.000671,-0.059486,0.039131,0.005503,0.074121,-0.035590
-0.015801,-0.002873,-0.045079,0.004473,-0.045562,0.046254,-0.003994,0.003812,0.019259,0.011972,-0.029783,-0.058527,0.038692,0.016841,0.002501,0.006439,-0.040684,0.013897,-0.005494,-0.020510,-0.049367,-0.009569,0.051318,0.011862,0.033825,-0.025774,-0.038596,0.081226,0.173723,-0.012553,0.039561,0.006494,-0.026430,0.011341,-0.112701,-0.024253,0.019556,-0.033891,0.021227,-0.033756,-0.033987,-0.044909,-0.017755,-0.040350,-0.042456,0.013978,0.004252,0.019290,-0.039736,-0.019043,-0.062414,0.067621,0.014621,0.024885,-0.097071,0.024844,0.000438,0.029482,-0.013239,-0.007663,0.026509,0.052261,-0.041376,-0.018846,0.074435,-0.026703,-0.080799,0.025157,0.006149,0.097096,-0.005951
-0.020832,0.004847,-0.008925,-0.013054,0.023137,0.001392,-0.028553,0.058475,-0.016234,0.029230,-0.014082,-0.010930,0.004615,0.038486,0.015902,0.019076,-0.013983,0.011707,0.018077,-0.022542,-0.011325,0.020533,0.023825,-0.035392,-0.035664,-0.012047,-0.018756,-0.040353,-0.012553,0.178709,0.006943,0.004782,0.040632,0.023786,-0.022785,0.017986,0.031041,-0.007619,0.000042,-0.031068,0.039877,0.005657,-0.001434,-0.007355,-0.012630,-0.006064,0.014425,0.025767,-0.080242,0.029387,0.063717,-0.016994,0.015650,0.023061,0.021059,-0.009762,0.063218,-0.035597,-0.010468,-0.052939,0.077281,-0.005594,0.009723,-0.047435,0.023990,-0.009324,0.006883,-0.035723,-0.012838,-0.000801,0.059163
0.021529,0.052283,-0.004066,0.035401,-0.079754,0.065716,0.052420,0.078645,-0.040175,0.013419,-0.046707,-0.035962,0.028039,0.030035,-0.037439,-0.032196,-0.091621,-0.060101,0.000330,0.006599,0.089208,0.005032,-0.022426,0.004446,0.031428,0.046789,-0.007145,0.070642,0.039561,0.006943,0.201023,-0.040094,-0.070651,-0.081766,-0.055597,0.033795,-0.061961,-0.028363,-0.043329,-0.030623,-0.063445,-0.017265,-0.043587,-0.018750,-0.078746,0.017067,-0.000021,0.030460,-0.031192,-0.014786,-0.003600,-0.061921,0.022494,-0.072540,-0.021069,-0.014663,-0.057855,0.058716,0.020325,-0.022478,-0.018385,0.049499,-0.072122,-0.051868,-0.006018,0.011810,-0.052820,0.019637,-0.064987,0.050467,0.059393
-0.013150,-0.017781,-0.017281,-0.007815,0.022482,-0.018538,-0.023280,-0.006134,0.011268,-0.015605,-0.008008,-0.001573,0.014710,0.004405,0.009058,0.007322,0.020728,0.021212,0.002472,-0.011504,-0.017262,-0.005164,0.007933,0.005803,0.005236,-0.003777,-0.007618,0.006432,0.006494,0.004782,-0.040094,0.024974,0.015252,0.018665,-0.009324,-0.019457,0.010555,0.000324,0.005422,0.002191,-0.003439,-0.009942,0.018127,0.001471,0.011633,0.004091,0.010377,-0.000972,0.007635,0.007613,-0.019693,0.026252,-0.005070,0.030908,-0.026970,0.013779,0.000771,-0.006947,-0.016583,-0.010277,0.000772,-0.009828,0.006726,0.019037,0.010003,-0.011781,0.010309,0.003191,0.043693,0.017331,-0.031037
0.009994,-0.028513,0.007745,-0.028901,0.042750,-0.042231,-0.014432,-0.027649,0.017476,-0.013897,0.002955,0.025460,-0.027522,-0.019008,0.002390,0.014388,0.048726,0.023134,0.041130,0.031378,0.005630,-0.004469,0.010336,-0.019871,-0.035127,-0.009516,0.011747,-0.059829,-0.026430,0.040632,-0.070651,0.015252,0.061682,0.053863,0.065607,0.003859,0.012242,-0.000233,-0.001348,0.021755,0.000040,0.040537,0.040414,0.029683,0.020265,-0.029396,0.007534,-0.000658,0.016478,0.014100,0.045150,0.004624,-0.026043,0.066643,0.022486,0.007423,0.069817,-0.006201,-0.023634,-0.001723,0.023572,0.025305,0.043045,0.024594,0.015921,-0.016861,0.037701,-0.030060,0.027098,-0.044666,0.014650
0.006300,-0.027753,-0.005122,-0.024323,0.023661,-0.039176,-0.014201,-0.034305,0.024459,-0.021763,-0.003744,0.007081,-0.011979,-0.026004,0.006904,0.009263,0.043567,0.024850,0.048291,0.008356,-0.023219,-0.015618,0.017761,-0.005311,-0.014806,-0.024835,0.012656,-0.052462,0.011341,0.023786,-0.081766,0.018665,0.053863,0.084270,0.032368,-0.011918,0.005312,0.001508,0.015461,0.004195,-0.008167,0.020933,0.035231,0.003059,0.002564,-0.021463,0.015512,0.006636,-0.005117,-0.000800,0.024581,0.005864,-0.031865,0.088392,-0.006708,-0.006638,0.104820,-0.023943,-0.024758,-0.002216,0.015762,0.015115,0.043795,0.038309,0.044617,-0.015199,0.016624,-0.023406,-0.001643,-0.045573,-0.004392
0.065288,-0.017859,0.075337,-0.049814,0.032750,-0.045338,0.036479,-0.058916,0.024927,-0.013595,0.027174,0.093360,-0.119296,-0.077545,-0.036453,0.001692,0.087635,-0.003709,-0.016417,0.123494,0.094601,0.002752,-0.036778,-0.018916,-0.058048,0.015719,0.080369,-0.091786,-0.112701,-0.022785,-0.055597,-0.009324,0.065607,0.032368,0.223765,0.030799,-0.036317,0.004333,-0.036220,0.049878,-0.030648,0.119994,0.069951,0.017094,0.024352,-0.083648,-0.014327,-0.022997,0.057715,0.012639,0.089589,-0.055896,-0.085957,0.088590,0.061848,-0.006245,0.088764,0.009744,-0.000854,0.033791,-0.069212,0.017311,0.066692,0.060313,-0.055314,-0.011007,0.058592,-0.034924,0.015018,-0.178377,-0.003859
0.012011,0.008690,0.019634,0.000882,-0.010542,0.011445,0.020347,0.003971,-0.012293,0.015123,0.002077,0.009519,-0.017684,0.002493,-0.016542,-0.006408,-0.005954,-0.018476,0.012952,0.026601,0.038048,0.005329,-0.006133,-0.011071,-0.016550,0.010158,0.018843,-0.025251,-0.024253,0.017986,0.033795,-0.019457,0.003859,-0.011918,0.030799,0.028786,-0.003653,-0.006655,-0.015594,-0.000848,0.003931,0.028280,-0.007659,0.010985,-0.007906,-0.013820,-0.007130,0.001545,0.003558,0.006400,0.042138,-0.034658,-0.001221,-0.014943,0.040176,-0.005121,0.015804,-0.001396,0.005261,0.000340,0.018784,0.027509,0.006427,-0.020465,-0.010880,0.002539,-0.000278,-0.016066,-0.025501,-0.021624,0.051532
-0.054615,-0.009887,-0.005720,0.017889,0.055428,-0.010432,-0.051389,-0.040332,0.001067,0.098248,0.017884,-0.051101,0.015809,0.067940,0.052520,0.057142,0.029590,0.063688,-0.004621,-0.035849,-0.066220,-0.017763,0.022205,0.005777,-0.020122,-0.024698,-0.043667,-0.017116,0.019556,0.031041,-0.061961,0.010555,0.012242,0.005312,-0.036317,-0.003653,0.156256,-0.021355,0.022268,-0.024912,0.086847,-0.079150,0.002910,0.055333,0.045485,0.004419,-0.019482,-0.020085,-0.047995,0.057985,0.021844,0.063317,-0.024085,-0.067739,0.059216,0.039114,-0.002724,-0.042799,0.040607,-0.011134,0.085383,-0.086446,0.040641,0.061783,0.025867,-0.020686,0.031606,-0.003054,-0.032821,0.089527,0.044484
-0.020746,0.004564,-0.023531,0.002086,0.000827,0.027452,-0.014100,0.008421,-0.004818,-0.031373,0.017081,0.010831,-0.002712,-0.008622,0.021963,0.005279,0.025455,-0.018341,0.002492,-0.017043,-0.006330,0.002944,-0.007088,0.006256,0.010907,-0.000838,0.007707,-0.006176,-0.033891,-0.007619,-0.028363,0.000324,-0.000233,0.001508,0.004333,-0.006655,-0.021355,0.065770,0.049370,-0.023297,0.023639,-0.001638,-0.022720,-0.043687,-0.012422,0.010307,0.004248,-0.020236,0.017605,-0.008507,-0.002098,-0.018117,0.000474,0.016435,-0.016103,-0.010537,-0.019516,-0.042020,0.013578,0.040152,-0.051690,-0.003832,0.011682,-0.015093,-0.020474,0.035952,-0.042581,0.017676,-0.029612,-0.037749,-0.049367
-0.039617,0.002861,-0.033380,0.006534,-0.006691,0.033943,-0.025029,0.000553,0.002890,-0.005779,0.015538,-0.022810,0.008664,0.006576,0.034038,0.018073,0.013179,-0.006811,-0.015653,-0.018012,-0.050675,-0.009114,0.019284,0.008482,0.019659,-0.026779,-0.002667,0.004546,0.021227,0.000042,-0.043329,0.005422,-0.001348,0.015461,-0.036220,-0.015594,0.022268,0.049370,0.068667,-0.042929,0.037553,-0.029339,-0.046307,-0.048366,-0.021667,0.014250,0.004482,-0.018364,-0.010974,0.001617,-0.016200,0.012949,-0.001268,0.008631,-0.023236,0.001633,0.000740,-0.061539,0.017581,0.028333,-0.029147,-0.020855,0.014014,-0.011878,0.003960,0.025298,-0.089388,0.027294,-0.027352,-0.012138,-0.041918
0.047655,-0.021666,0.035460,-0.010997,0.036972,-0.067531,0.003339,-0.028882,0.011961,-0.016825,0.011598,0.041428,-0.009426,-0.027103,-0.013204,-0.011865,0.022095,0.020683,0.041366,0.011399,-0.000904,0.011653,-0.017943,-0.026806,-0.032364,0.009789,-0.006993,-0.018026,-0.033756,-0.031068,-0.030623,0.002191,0.021755,0.004195,0.049878,-0.000848,-0.024912,-0.023297,-0.042929,0.092204,-0.044272,0.040655,0.047086,0.074348,0.034768,-0.009668,-0.003071,0.008811,0.045916,-0.016001,0.001312,-0.003760,0.029035,-0.016090,0.036839,-0.006290,-0.029066,0.076592,-0.016565,0.012731,0.046640,0.043967,-0.004706,0.021752,-0.001842,-0.013853,0.101764,-0.032672,0.035152,-0.018806,0.033048
-0.055183,0.008853,-0.005404,0.008722,0.014909,0.036621,-0.013077,-0.012721,-0.013490,0.045381,0.050357,-0.035168,-0.011470,0.021763,0.022259,0.028081,-0.011746,0.012235,-0.052867,-0.039208,-0.033932,-0.004687,0.028096,0.019484,-0.002032,-0.027168,-0.035291,-0.038740,-0.033987,0.039877,-0.063445,-0.003439,0.000040,-0.008167,-0.030648,0.003931,0.086847,0.023639,0.037553,-0.044272,0.163433,-0.064899,-0.053849,0.000180,0.079188,0.019242,-0.021302,-0.035858,-0.030589,0.018676,0.025163,0.060197,-0.010605,-0.073471,0.045217,0.008772,-0.027220,-0.080641,0.012962,-0.007747,0.009654,-0.096684,0.022541,-0.024467,-0.015904,0.025911,0.013183,0.015873,-0.009277,0.047094,-0.021436
0.052015,-0.025223,0.055906,-0.058777,-0.005606,-0.018800,0.028974,-0.014529,0.020053,-0.038145,0.010985,0.128896,-0.071566,-0.061847,-0.046115,-0.036318,0.035831,-0.027328,-0.008970,0.084143,0.021670,0.058211,-0.008335,-0.044565,-0.055318,-0.001763,0.110199,-0.048885,-0.044909,0.005657,-0.017265,-0.009942,0.040537,0.020933,0.119994,0.028280,-0.079150,-0.001638,-0.029339,0.040655,-0.064899,0.187775,0.061177,-0.051681,-0.011446,-0.061456,-0.005529,0.010247,0.061400,-0.014038,0.035800,-0.066485,0.026508,0.149901,0.016244,-0.011418,0.108493,-0.003978,-0.042207,0.016935,0.011666,0.103091,0.024980,-0.076881,-0.043551,-0.027932,-0.010927,-0.064868,0.080924,-0.152480,0.025165
0.027810,-0.044205,0.008946,-0.034295,0.070791,-0.094243,-0.033884,-0.046227,0.026133,-0.022066,-0.021294,0.078530,-0.014701,-0.020591,0.042055,0.003775,0.038755,0.066178,0.057908,-0.017724,-0.024707,0.009006,-0.020813,-0.028412,-0.054458,0.008786,-0.004968,-0.030588,-0.017755,-0.001434,-0.043587,0.018127,0.040414,0.035231,0.069951,-0.007659,0.002910,-0.022720,-0.046307,0.047086,-0.053849,0.061177,0.176860,0.059477,0.064330,-0.020895,0.004224,0.014734,0.031624,0.015750,0.006396,0.068139,-0.008274,0.131686,0.000236,0.004919,0.085063,0.074671,-0.032749,-0.004508,0.032300,-0.008335,0.034721,0.057522,0.003054,-0.054771,0.185792,-0.037805,0.062221,0.017714,-0.041026
0.017792,-0.019881,0.005285,0.022206,0.073307,-0.117397,-0.019786,-0.037354,-0.008087,0.002399,-0.014122,-0.028081,0.029882,0.015282,0.043659,0.013747,-0.025760,0.044980,0.108289,-0.006548,-0.007564,-0.050657,-0.011961,-0.030213,-0.032837,0.011175,-0.078148,-0.053767,-0.040350,-0.007355,-0.018750,0.001471,0.029683,0.003059,0.017094,0.010985,0.055333,-0.043687,-0.048366,0.074348,0.000180,-0.051681,0.059477,0.201798,0.079221,0.024192,0.006220,0.010633,0.036442,0.029235,0.026012,0.081278,0.002621,-0.084607,0.103027,0.011902,-0.013924,0.102790,-0.011558,-0.026826,0.069264,-0.032093,0.017124,0.078669,0.016798,-0.017041,0.172434,-0.006986,0.020873,0.100162,0.051316
-0.006395,-0.024047,0.010788,-0.019450,0.062447,-0.062922,-0.013203,-0.041881,0.011103,-0.004677,0.027270,0.026636,-0.021905,-0.022790,0.024258,0.015409,-0.013412,0.044555,-0.007627,-0.016468,-0.031979,-0.001561,0.007652,-0.003696,-0.031344,-0.010660,-0.043201,-0.042459,-0.042456,-0.012630,-0.078746,0.011633,0.020265,0.002564,0.024352,-0.007906,0.045485,-0.012422,-0.021667,0.034768,0.079188,-0.011446,0.064330,0.079221,0.132542,0.006976,-0.017039,-0.016880,0.032231,0.007372,-0.004588,0.116455,-0.006474,0.004702,0.041381,0.021213,0.002754,0.031418,-0.030759,-0.020926,-0.002059,-0.080580,0.020676,0.017548,-0.019890,-0.016276,0.143229,-0.006724,0.095968,0.063507,-0.052836
-0.026288,0.004679,-0.036545,0.034258,-0.013070,-0.000023,-0.022660,0.016591,-0.017137,-0.019822,-0.009436,-0.040136,0.063285,0.029414,0.038887,-0.015025,-0.046135,-0.000652,0.010015,-0.066084,-0.048922,-0.022541,0.004274,0.003776,0.031382,-0.004939,-0.045902,0.029065,0.013978,-0.006064,0.017067,0.004091,-0.029396,-0.021463,-0.083648,-0.013820,0.004419,0.010307,0.014250,-0.009668,0.019242,-0.061456,-0.020895,0.024192,0.006976,0.057167,0.017632,0.004604,-0.000444,-0.000386,-0.042956,0.048236,0.049319,-0.060359,-0.013674,-0.014457,-0.061202,0.007511,-0.005691,-0.006947,0.022724,-0.028671,-0.027590,-0.020955,-0.001293,0.017340,0.018623,0.037936,0.002339,0.078660,-0.038202
-0.002508,-0.007009,-0.020088,0.006760,-0.007886,-0.013563,-0.012719,0.008028,-0.001476,-0.032648,-0.018648,-0.011375,0.027282,0.003276,0.015865,-0.014469,-0.008239,-0.002624,0.018189,-0.013201,-0.013179,-0.019599,0.002897,-0.005399,0.013695,-0.003613,-0.005306,0.000675,0.004252,0.014425,-0.000021,0.010377,0.007534,0.015512,-0.014327,-0.007130,-0.019482,0.004248,0.004482,-0.003071,-0.021302,-0.005529,0.004224,0.006220,-0.017039,0.017632,0.024081,0.010340,0.004807,0.003305,-0.010017,0.010485,0.013751,0.016328,-0.019732,-0.014200,0.010017,0.001078,-0.018470,-0.008352,0.007054,0.008232,-0.002929,-0.003320,0.004978,0.001618,0.002163,0.015418,0.012513,0.001880,-0.026216
0.012500,0.001007,-0.001579,-0.000169,-0.005445,-0.019066,0.001601,0.020698,-0.003134,-0.007773,-0.021827,0.000053,0.017599,0.003084,-0.002130,-0.011459,-0.026906,-0.001281,0.026386,-0.008275,-0.007671,0.004577,0.000677,-0.014144,-0.003405,0.001126,-0.004712,0.004983,0.019290,0.025767,0.030460,-0.000972,-0.000658,0.006636,-0.022997,0.001545,-0.020085,-0.020236,-0.018364,0.008811,-0.035858,0.010247,0.014734,0.010633,-0.016880,0.004604,0.010340,0.024967,-0.015349,-0.005913,-0.004516,-0.007599,0.021503,0.014894,-0.004951,-0.010018,0.026341,0.026137,-0.013436,-0.022999,0.027152,0.018756,-0.014383,-0.013161,0.017755,-0.011729,0.011747,-0.013630,0.004963,0.010775,0.024387
0.018159,-0.030618,-0.000451,-0.013039,0.011339,-0.027839,0.008640,-0.037940,0.009870,-0.070578,0.004427,0.051243,-0.005942,-0.035998,-0.012857,-0.026235,0.023862,-0.013613,0.035727,0.038094,0.028786,-0.005444,-0.009327,-0.006192,-0.003859,0.016711,0.027636,-0.015520,-0.039736,-0.080242,-0.031192,0.007635,0.016478,-0.005117,0.057715,0.003558,-0.047995,0.017605,-0.010974,0.045916,-0.030589,0.061400,0.031624,0.036442,0.032231,-0.000444,0.004807,-0.015349,0.115589,-0.010675,-0.014635,0.019668,0.016882,0.040328,0.003032,0.014023,-0.024100,0.031263,-0.041102,0.031643,-0.021421,0.069146,0.009256,-0.015712,-0.033831,-0.000670,0.030988,0.002512,0.087901,-0.014826,-0.034028
-0.022148,-0.006487,-0.001487,0.007455,0.024454,-0.016246,-0.027136,-0.010395,-0.004019,0.030396,-0.005803,-0.011133,0.006496,0.033571,0.030745,0.016508,0.014874,0.020542,-0.005661,0.001879,-0.014845,-0.016367,-0.000264,-0.006503,-0.011271,-0.003898,-0.001049,-0.017739,-0.019043,0.029387,-0.014786,0.007613,0.014100,-0.000800,0.012639,0.006400,0.057985,-0.008507,0.001617,-0.016001,0.018676,-0.014038,0.015750,0.029235,0.007372,-0.000386,0.003305,-0.005913,-0.010675,0.044084,0.021461,0.019120,-0.014311,-0.009142,0.033103,0.012463,0.018386,-0.023672,0.012215,-0.013556,0.029655,-0.042662,0.026853,0.027200,-0.011201,-0.012782,0.014780,0.004367,0.003226,0.015502,0.007945
0.018794,0.002809,0.035417,-0.009416,0.018044,0.002870,0.016433,-0.014260,-0.009822,0.038497,0.012361,0.012066,-0.046302,0.002886,-0.020756,0.014595,0.047486,-0.001889,0.046656,0.039948,0.070102,0.001506,-0.010111,-0.015103,-0.044624,0.012543,0.025640,-0.079285,-0.062414,0.063717,-0.003600,-0.019693,0.045150,0.024581,0.089589,0.042138,0.021844,-0.002098,-0.016200,0.001312,0.025163,0.035800,0.006396,0.026012,-0.004588,-0.042956,-0.010017,-0.004516,-0.014635,0.021461,0.108736,-0.071691,-0.043376,-0.005213,0.077042,-0.009504,0.057536,-0.024691,0.017720,0.007501,0.042588,0.033765,0.045633,0.020641,0.006890,0.002528,0.033883,-0.043965,-0.081490,-0.065504,0.094844
-0.035848,-0.031020,-0.049502,-0.005721,0.034527,-0.060654,-0.044411,-0.036916,0.022942,-0.035539,-0.006694,-0.026799,0.022339,-0.011881,0.087477,0.015473,-0.075516,0.055687,-0.033659,-0.035107,-0.109757,-0.048802,0.046007,-0.009096,0.006087,-0.043863,-0.094500,0.012089,0.067621,-0.016994,-0.061921,0.026252,0.004624,0.005864,-0.055896,-0.034658,0.063317,-0.018117,0.012949,-0.003760,0.060197,-0.066485,0.068139,0.081278,0.116455,0.048236,0.010485,-0.007599,0.019668,0.019120,-0.071691,0.244972,0.009404,0.034914,-0.033853,0.030897,0.009854,0.060846,-0.052869,-0.034056,-0.024593,-0.107397,-0.002801,0.007639,-0.002681,-0.028328,0.098011,0.063901,0.151082,0.147511,-0.152204
-0.006566,-0.007309,-0.009761,0.019913,-0.020856,-0.000191,-0.023473,0.023837,-0.016620,-0.019303,0.002956,0.018259,0.064009,0.029104,0.023004,-0.042227,-0.043496,-0.008331,0.014132,-0.070480,-0.086166,0.028597,0.008026,-0.034341,0.000141,-0.012411,-0.009291,0.030134,0.014621,0.015650,0.022494,-0.005070,-0.026043,-0.031865,-0.085957,-0.001221,-0.024085,0.000474,-0.001268,0.029035,-0.010605,0.026508,-0.008274,0.002621,-0.006474,0.049319,0.013751,0.021503,0.016882,-0.014311,-0.043376,0.009404,0.131282,-0.038305,0.000509,-0.028504,-0.060647,0.015543,-0.023434,0.004647,0.114494,0.053785,-0.043233,-0.104205,-0.012423,0.003409,0.020376,-0.006859,0.033389,0.040425,0.017782
0.016962,-0.048222,-0.011883,-0.087916,0.025833,-0.043968,-0.009935,-0.016337,0.050707,-0.086559,-0.029033,0.114793,-0.063064,-0.080114,0.000220,-0.003045,0.040301,0.011812,0.009368,0.063429,-0.013422,0.031994,0.019151,-0.023322,-0.037388,-0.020841,0.079194,-0.038861,0.024885,0.023061,-0.072540,0.030908,0.066643,0.088392,0.088590,-0.014943,-0.067739,0.016435,0.008631,-0.016090,-0.073471,0.149901,0.131686,-0.084607,0.004702,-0.060359,0.016328,0.014894,0.040328,-0.009142,-0.005213,0.034914,-0.038305,0.309073,-0.083535,0.017231,0.213631,-0.012715,-0.075256,-0.010892,-0.078967,0.043897,0.050937,-0.022358,0.004093,-0.052945,-0.016057,-0.040286,0.137935,-0.101626,-0.097124
0.011801,0.006270,0.054820,0.011684,0.044213,-0.058289,0.004577,-0.024695,-0.020210,0.055875,0.028531,0.013749,-0.025648,0.013202,0.012535,0.012709,0.000946,0.004021,0.039227,0.026323,-0.001983,-0.002665,-0.021888,-0.032026,-0.052377,-0.001506,0.009634,-0.089763,-0.097071,0.021059,-0.021069,-0.026970,0.022486,-0.006708,0.061848,0.040176,0.059216,-0.016103,-0.023236,0.036839,0.045217,0.016244,0.000236,0.103027,0.041381,-0.013674,-0.019732,-0.004951,0.003032,0.033103,0.077042,-0.033853,0.000509,-0.083535,0.155229,-0.008343,0.034640,-0.006462,0.031143,-0.006558,0.066401,-0.043535,0.044084,0.022440,-0.026304,0.004428,0.067451,-0.042027,-0.045281,-0.031331,0.107859
-0.018338,-0.009557,-0.011692,-0.013719,0.030276,0.000258,-0.007054,-0.005584,0.010172,0.015572,-0.005024,-0.005163,-0.008113,0.009480,-0.008992,0.030348,0.012132,0.016358,0.001267,0.025843,0.016079,0.005997,0.014520,0.009968,-0.005532,0.006237,-0.009823,0.013308,0.024844,-0.009762,-0.014663,0.013779,0.007423,-0.006638,-0.006245,-0.005121,0.039114,-0.010537,0.001633,-0.006290,0.008772,-0.011418,0.004919,0.011902,0.021213,-0.014457,-0.014200,-0.010018,0.014023,0.012463,-0.009504,0.030897,-0.028504,0.017231,-0.008343,0.051747,-0.006717,0.005102,-0.002441,-0.011347,-0.017956,-0.000258,0.006934,0.018047,0.012627,-0.019195,-0.024722,-0.006218,0.049452,0.048775,0.011568
0.018882,-0.021072,0.024003,-0.059931,0.020091,-0.075699,0.008100,-0.021795,0.028808,-0.017912,-0.022591,0.061598,-0.068612,-0.059995,0.011771,0.007103,-0.006716,0.004372,0.025755,0.080395,-0.030798,-0.001814,0.019258,-0.035556,-0.051467,-0.044050,0.073815,-0.107708,0.000438,0.063218,-0.057855,0.000771,0.069817,0.104820,0.088764,0.015804,-0.002724,-0.019516,0.000740,-0.029066,-0.027220,0.108493,0.085063,-0.013924,0.002754,-0.061202,0.010017,0.026341,-0.024100,0.018386,0.057536,0.009854,-0.060647,0.213631,0.034640,-0.006717,0.291214,-0.041843,-0.039195,-0.048264,-0.031889,-0.032930,0.080306,0.009127,0.017626,-0.045335,-0.017064,-0.053229,0.046326,-0.115411,0.001017
0.055030,-0.005756,0.004192,-0.001745,0.021808,-0.065082,0.014313,0.000652,0.006728,-0.031406,-0.028362,0.009378,0.005365,-0.026884,0.003337,-0.007773,-0.045921,0.019321,0.058631,0.007309,0.025649,-0.008750,-0.016668,-0.025957,-0.016912,0.027077,-0.063639,0.028141,0.029482,-0.035597,0.058716,-0.006947,-0.006201,-0.023943,0.009744,-0.001396,-0.042799,-0.042020,-0.061539,0.076592,-0.080641,-0.003978,0.074671,0.102790,0.031418,0.007511,0.001078,0.026137,0.031263,-0.023672,-0.024691,0.060846,0.015543,-0.012715,-0.006462,0.005102,-0.041843,0.161977,-0.021819,-0.007377,-0.003959,0.036881,-0.042079,0.032049,0.015958,-0.021962,0.123306,0.000094,0.039696,0.071460,0.001217
-0.009538,0.026250,0.013030,0.023783,0.002358,0.028140,-0.003628,0.003101,-0.011880,0.061804,0.015726,-0.024210,-0.006595,0.029337,0.011039,0.026327,0.024908,0.001316,-0.015443,-0.010947,0.005252,0.002500,-0.022153,0.011981,0.001605,0.007899,-0.003173,0.012694,-0.013239,-0.010468,0.020325,-0.016583,-0.023634,-0.024758,-0.000854,0.005261,0.040607,0.013578,0.017581,-0.016565,0.012962,-0.042207,-0.032749,-0.011558,-0.030759,-0.005691,-0.018470,-0.013436,-0.041102,0.012215,0.017720,-0.052869,-0.023434,-0.075256,0.031143,-0.002441,-0.039195,-0.021819,0.067614,0.026793,-0.005609,-0.039530,0.005754,0.044132,-0.003623,0.019084,-0.031442,0.003385,-0.107408,-0.013075,0.039988
0.007690,-0.004825,0.003572,0.006079,-0.007806,0.033552,-0.002916,-0.033990,0.006082,-0.002307,0.027777,0.018469,-0.012629,-0.008458,0.005497,-0.000443,0.060715,-0.003015,0.011112,-0.006229,0.002641,0.004778,-0.012859,0.003634,-0.001069,0.003900,0.015990,0.005399,-0.007663,-0.052939,-0.022478,-0.010277,-0.001723,-0.002216,0.033791,0.000340,-0.011134,0.040152,0.028333,0.012731,-0.007747,0.016935,-0.004508,-0.026826,-0.020926,-0.006947,-0.008352,-0.022999,0.031643,-0.013556,0.007501,-0.034056,0.004647,-0.010892,-0.006558,-0.011347,-0.048264,-0.007377,0.026793,0.074200,0.003561,0.053903,0.009291,0.009458,-0.007327,0.021565,-0.009373,0.005266,-0.065789,-0.044251,-0.005532
-0.009600,-0.035919,0.011285,0.029580,0.022893,-0.014489,-0.053009,-0.034176,-0.014035,0.073521,0.003419,-0.009987,0.082417,0.095487,0.021731,-0.015274,0.044323,0.058577,0.100972,-0.100199,-0.081987,0.020588,0.018441,-0.040483,-0.044134,-0.011290,-0.018503,-0.018690,0.026509,0.077281,-0.018385,0.000772,0.023572,0.015762,-0.069212,0.018784,0.085383,-0.051690,-0.029147,0.046640,0.009654,0.011666,0.032300,0.069264,-0.002059,0.022724,0.007054,0.027152,-0.021421,0.029655,0.042588,-0.024593,0.114494,-0.078967,0.066401,-0.017956,-0.031889,-0.003959,-0.005609,0.003561,0.305929,0.107345,0.004186,-0.034658,0.060066,-0.035814,0.120441,-0.067628,-0.061279,0.080894,0.165433
0.045918,-0.025115,-0.001698,-0.014503,-0.042365,0.057772,0.031713,-0.005041,0.004878,-0.040363,-0.015602,0.034125,0.012420,-0.005716,-0.079574,-0.039368,0.059474,-0.031472,0.111168,0.030557,0.085105,0.034383,0.012736,-0.018270,-0.011946,0.032213,0.046559,0.015504,0.052261,-0.005594,0.049499,-0.009828,0.025305,0.015115,0.017311,0.027509,-0.086446,-0.003832,-0.020855,0.043967,-0.096684,0.103091,-0.008335,-0.032093,-0.080580,-0.028671,0.008232,0.018756,0.069146,-0.042662,0.033765,-0.107397,0.053785,0.043897,-0.043535,-0.000258,-0.032930,0.036881,-0.039530,0.053903,0.107345,0.274037,-0.025008,-0.074837,0.053729,-0.008744,-0.039782,-0.052820,-0.028004,-0.032813,0.121406
-0.006744,-0.018517,0.012161,-0.016122,0.039072,-0.031262,-0.016292,-0.041105,0.011628,0.011754,0.012153,0.021934,-0.030671,-0.007584,0.018154,0.021389,0.054164,0.021022,0.022069,0.024200,-0.006452,-0.010108,-0.001739,-0.005177,-0.028503,-0.011941,0.027119,-0.063565,-0.041376,0.009723,-0.072122,0.006726,0.043045,0.043795,0.066692,0.006427,0.040641,0.011682,0.014014,-0.004706,0.022541,0.024980,0.034721,0.017124,0.020676,-0.027590,-0.002929,-0.014383,0.009256,0.026853,0.045633,-0.002801,-0.043233,0.050937,0.044084,0.006934,0.080306,-0.042079,0.005754,0.009291,0.004186,-0.025008,0.060679,0.044878,-0.001145,-0.009112,0.021386,-0.020946,-0.010575,-0.048893,0.006676
0.010338,-0.009803,0.005379,0.009924,0.064875,-0.063340,-0.020694,-0.055129,0.018345,0.034942,-0.010175,-0.035822,-0.009335,0.005485,0.023900,0.048018,0.075221,0.059929,0.045853,0.003905,0.029736,-0.049048,-0.031597,0.027899,-0.003567,0.017362,-0.034601,-0.017662,-0.018846,-0.047435,-0.051868,0.019037,0.024594,0.038309,0.060313,-0.020465,0.061783,-0.015093,-0.011878,0.021752,-0.024467,-0.076881,0.057522,0.078669,0.017548,-0.020955,-0.003320,-0.013161,-0.015712,0.027200,0.020641,0.007639,-0.104205,-0.022358,0.022440,0.018047,0.009127,0.032049,0.044132,0.009458,-0.034658,-0.074837,0.044878,0.183940,0.035887,-0.013588,0.088734,0.004963,-0.073380,0.014682,-0.002413
-0.003686,-0.009805,-0.026450,0.003165,0.010929,0.001061,-0.010238,-0.005588,0.008197,0.016227,-0.020794,-0.045683,0.031922,0.020719,-0.007357,0.020277,0.017609,0.028627,0.081870,-0.031301,-0.001083,-0.008469,0.022902,0.009149,0.002590,-0.001970,-0.037406,0.007504,0.074435,0.023990,-0.006018,0.010003,0.015921,0.044617,-0.055314,-0.010880,0.025867,-0.020474,0.003960,-0.001842,-0.015904,-0.043551,0.003054,0.016798,-0.019890,-0.001293,0.004978,0.017755,-0.033831,-0.011201,0.006890,-0.002681,-0.012423,0.004093,-0.026304,0.012627,0.017626,0.015958,-0.003623,-0.007327,0.060066,0.053729,-0.001145,0.035887,0.088077,-0.014881,0.007027,-0.022640,-0.054231,0.061951,0.062489
-0.007111,0.020059,-0.008114,0.018475,-0.021177,0.030621,0.009393,0.016685,-0.015477,-0.011682,0.014558,-0.020045,0.004395,-0.002140,0.001114,-0.004734,-0.008539,-0.028786,-0.006122,-0.011517,0.013384,-0.008141,-0.008363,0.010350,0.020667,0.003714,-0.006196,0.000671,-0.026703,-0.009324,0.011810,-0.011781,-0.016861,-0.015199,-0.011007,0.002539,-0.020686,0.035952,0.025298,-0.013853,0.025911,-0.027932,-0.054771,-0.017041,-0.016276,0.017340,0.001618,-0.011729,-0.000670,-0.012782,0.002528,-0.028328,0.003409,-0.052945,0.004428,-0.019195,-0.045335,-0.021962,0.019084,0.021565,-0.035814,-0.008744,-0.009112,-0.013588,-0.014881,0.039273,-0.037107,0.022823,-0.050005,-0.019317,-0.013170
0.039871,-0.044027,0.024775,0.001053,0.097252,-0.128315,-0.037207,-0.068110,0.002903,-0.003114,0.001293,0.044630,0.018408,0.002759,0.052910,-0.006341,0.028259,0.097030,0.102453,-0.092551,-0.016757,-0.013419,-0.038447,-0.026407,-0.063460,0.025486,-0.079967,-0.059486,-0.080799,0.006883,-0.052820,0.010309,0.037701,0.016624,0.058592,-0.000278,0.031606,-0.042581,-0.089388,0.101764,0.013183,-0.010927,0.185792,0.172434,0.143229,0.018623,0.002163,0.011747,0.030988,0.014780,0.033883,0.098011,0.020376,-0.016057,0.067451,-0.024722,-0.017064,0.123306,-0.031442,-0.009373,0.120441,-0.039782,0.021386,0.088734,0.007027,-0.037107,0.372178,-0.038023,0.015710,0.098022,-0.011399
-0.021174,0.012504,-0.033566,0.026051,-0.035846,0.024562,-0.004191,0.005178,-0.004504,-0.025830,-0.006377,-0.049244,0.022964,0.002073,0.031401,-0.007871,-0.039634,-0.014555,-0.052837,-0.010602,-0.015711,-0.045180,0.006352,0.019415,0.048194,-0.008663,-0.031256,0.039131,0.025157,-0.035723,0.019637,0.003191,-0.030060,-0.023406,-0.034924,-0.016066,-0.003054,0.017676,0.027294,-0.032672,0.015873,-0.064868,-0.037805,-0.006986,-0.006724,0.037936,0.015418,-0.013630,0.002512,0.004367,-0.043965,0.063901,-0.006859,-0.040286,-0.042027,-0.006218,-0.053229,0.000094,0.003385,0.005266,-0.067628,-0.052820,-0.020946,0.004963,-0.022640,0.022823,-0.038023,0.075703,0.010783,0.035298,-0.097586
-0.002894,-0.046203,-0.008348,-0.058852,0.032043,-0.077064,-0.009616,-0.001057,0.033431,-0.090480,-0.012893,0.070997,-0.017813,-0.057046,-0.002704,-0.020972,-0.059837,0.008300,-0.074333,0.060832,-0.049449,0.013890,0.037145,-0.025086,-0.010168,-0.023985,0.012791,0.005503,0.006149,-0.012838,-0.064987,0.043693,0.027098,-0.001643,0.015018,-0.025501,-0.032821,-0.029612,-0.027352,0.035152,-0.009277,0.080924,0.062221,0.020873,0.095968,0.002339,0.012513,0.004963,0.087901,0.003226,-0.081490,0.151082,0.033389,0.137935,-0.045281,0.049452,0.046326,0.039696,-0.107408,-0.065789,-0.061279,-0.028004,-0.010575,-0.073380,-0.054231,-0.050005,0.015710,0.010783,0.307162,0.025981,-0.127939
-0.059462,-0.005362,-0.078613,0.047291,0.027369,-0.001968,-0.044701,0.013333,-0.020019,0.024493,-0.039360,-0.097010,0.112465,0.087064,0.051606,0.023012,-0.073760,0.054008,0.068864,-0.117030,-0.041836,-0.030649,0.028868,0.022988,0.031144,0.015016,-0.136229,0.074121,0.097096,-0.000801,0.050467,0.017331,-0.044666,-0.045573,-0.178377,-0.021624,0.089527,-0.037749,-0.012138,-0.018806,0.047094,-0.152480,0.017714,0.100162,0.063507,0.078660,0.001880,0.010775,-0.014826,0.015502,-0.065504,0.147511,0.040425,-0.101626,-0.031331,0.048775,-0.115411,0.071460,-0.013075,-0.044251,0.080894,-0.032813,-0.048893,0.014682,0.061951,-0.019317,0.098022,0.035298,0.025981,0.287656,0.001850
0.023266,0.012866,0.046688,0.014048,0.014128,0.012854,0.024310,0.011794,-0.025427,0.097877,-0.001087,-0.014599,0.006899,0.058149,-0.063406,0.015536,0.033939,-0.004224,0.112575,0.018901,0.065178,0.038859,-0.007243,-0.021263,-0.047927,0.028952,0.021129,-0.035590,-0.005951,0.059163,0.059393,-0.031037,0.014650,-0.004392,-0.003859,0.051532,0.044484,-0.049367,-0.041918,0.033048,-0.021436,0.025165,-0.041026,0.051316,-0.052836,-0.038202,-0.026216,0.024387,-0.034028,0.007945,0.094844,-0.152204,0.017782,-0.097124,0.107859,0.011568,0.001017,0.001217,0.039988,-0.005532,0.165433,0.121406,0.006676,-0.002413,0.062489,-0.013170,-0.011399,-0.097586,-0.127939,0.001850,0.266094
